{"cameraMode":{"drawMode":0,"name":"Shaded","section":"Shading Mode"},"sceneLighting":true,"audioPlay":false,"sceneViewState":{"showFog":true,"showMaterialUpdate":true,"showSkybox":true,"showFlares":true,"showImageEffects":true,"showParticleSystems":true},"in2DMode":false,"pivot":{"x":-6.291953086853027,"y":1.3468858003616334,"z":-8.093062400817871},"rotation":{"x":0.00887866411358118,"y":0.9187572598457336,"z":0.020672839134931566,"w":-0.3942146301269531},"size":7.0146870613098148,"orthographic":false}