{"cameraMode":{"drawMode":0,"name":"Shaded","section":"Shading Mode"},"sceneLighting":true,"audioPlay":false,"sceneViewState":{"showFog":true,"showMaterialUpdate":true,"showSkybox":true,"showFlares":true,"showImageEffects":true,"showParticleSystems":true},"in2DMode":false,"pivot":{"x":-0.3592793941497803,"y":0.09760625660419464,"z":4.832653999328613},"rotation":{"x":0.0014976896345615388,"y":-0.05547143518924713,"z":0.00008320739289047197,"w":0.9984588623046875},"size":2.6515767574310304,"orthographic":false}